{
    "type": "Feature",
    "stac_version": "1.0.0",
    "id": "20230624T125620000_visual_40_hotsat1",
    "properties": {
        "eo:cloud_cover": 5.0,
        "proj:epsg": 32633,
        "proj:geometry": {
            "type": "Polygon",
            "coordinates": [
                [
                    [
                        290618.86488596944,
                        4646294.06863466
                    ],
                    [
                        289705.3970946756,
                        4642010.919657704
                    ],
                    [
                        294634.0633108123,
                        4640922.878021852
                    ],
                    [
                        295539.4113884057,
                        4645201.967141958
                    ],
                    [
                        290618.86488596944,
                        4646294.06863466
                    ]
                ]
            ]
        },
        "proj:bbox": [
            289703.3671662505,
            4640920.848093427,
            295541.4413168308,
            4646296.098563085
        ],
        "proj:shape": [
            1324,
            1438
        ],
        "proj:transform": [
            4.059856850194963,
            0.0,
            289703.3671662505,
            0.0,
            -4.059856850194963,
            4646296.098563085,
            0.0,
            0.0,
            1.0
        ],
        "created_at": "2024-03-11T11:23:25Z",
        "gsd": 4.059856850194963,
        "platform": "hotsat-1",
        "processing:software": {
            "image-processing": "1.136.0"
        },
        "view:off_nadir": 21.21901702360206,
        "view:azimuth": 184.2971878651411,
        "view:sun_azimuth": 237.56059331911544,
        "view:sun_elevation": 61.5605855203531,
        "datetime": "2023-06-24T12:56:20Z"
    },
    "geometry": {
        "type": "Polygon",
        "coordinates": [
            [
                [
                    12.474207061761108,
                    41.94084579906814
                ],
                [
                    12.464725210459747,
                    41.90206337156163
                ],
                [
                    12.524468529640515,
                    41.89356884347024
                ],
                [
                    12.53388938758183,
                    41.932308685594506
                ],
                [
                    12.474207061761108,
                    41.94084579906814
                ]
            ]
        ]
    },
    "links": [],
    "assets": {
        "thumbnail": {
            "href": ".20230624T125620000_visual_40_hotsat1_thumbnail.png",
            "type": "image/png",
            "roles": [
                "thumbnail"
            ]
        },
        "overview": {
            "href": ".20230624T125620000_visual_40_hotsat1_overview.png",
            "type": "image/png",
            "roles": [
                "overview"
            ]
        },
        "experimental_stackedoverview": {
            "href": ".20230624T125620000_visual_40_hotsat1_stackedoverview.png",
            "type": "image/png",
            "roles": [
                "overview"
            ]
        },
        "experimental_stacked": {
            "href": ".20230624T125620000_visual_40_hotsat1_stacked.tiff",
            "type": "image/tiff; application=geotiff; profile=cloud-optimized",
            "raster:bands": [
                {
                    "data_type": "uint16",
                    "scale": 1.0,
                    "offset": 0.0,
                    "sampling": "area",
                    "nodata": 0.0,
                    "statistics": {
                        "mean": 4119.447068263159,
                        "minimum": 2329,
                        "maximum": 7109,
                        "stddev": 501.8587659305518,
                        "valid_percent": 70.50094752278466
                    }
                }
            ],
            "roles": [
                "data"
            ]
        },
        "udm": {
            "href": ".20230624T125620000_visual_40_hotsat1_udm.tiff",
            "type": "image/tiff; application=geotiff; profile=cloud-optimized",
            "roles": [
                "udm",
                "metadata"
            ]
        },
        "visual": {
            "href": ".20230624T125620000_visual_40_hotsat1.tiff",
            "type": "image/tiff; application=geotiff; profile=cloud-optimized",
            "raster:bands": [
                {
                    "data_type": "uint16",
                    "scale": 1.0,
                    "offset": 0.0,
                    "sampling": "area",
                    "nodata": 0.0,
                    "statistics": {
                        "mean": 4106.778706081582,
                        "minimum": 389,
                        "maximum": 15273,
                        "stddev": 597.3294639044368,
                        "valid_percent": 70.49868901503851
                    }
                }
            ],
            "roles": [
                "data"
            ]
        }
    },
    "bbox": [
        12.463172996617509,
        41.8922543713054,
        12.535397200335556,
        41.9421546506907
    ],
    "stac_extensions": [
        "https://stac-extensions.github.io/projection/v1.0.0/schema.json",
        "https://stac-extensions.github.io/raster/v1.1.0/schema.json",
        "https://stac-extensions.github.io/view/v1.0.0/schema.json",
        "https://stac-extensions.github.io/eo/v1.0.0/schema.json",
        "https://stac-extensions.github.io/processing/v1.1.0/schema.json"
    ],
    "collection": "visual"
}