{
    "type": "Feature",
    "stac_version": "1.0.0",
    "id": "20230717T000635000_visual_40_hotsat1",
    "properties": {
        "eo:cloud_cover": 0.0,
        "proj:epsg": 32633,
        "proj:geometry": {
            "type": "Polygon",
            "coordinates": [
                [
                    [
                        294256.67053006124,
                        4634622.349149694
                    ],
                    [
                        293440.95314401673,
                        4638536.185277809
                    ],
                    [
                        288550.6671399964,
                        4637270.416920153
                    ],
                    [
                        289374.42115053395,
                        4633360.599104285
                    ],
                    [
                        294256.67053006124,
                        4634622.349149694
                    ]
                ]
            ]
        },
        "proj:bbox": [
            288548.65798387316,
            4633358.589948162,
            294262.69799843105,
            4638538.194433932
        ],
        "proj:shape": [
            1289,
            1422
        ],
        "proj:transform": [
            4.018312246524522,
            0.0,
            288548.65798387316,
            0.0,
            -4.018312246524522,
            4638538.194433932,
            0.0,
            0.0,
            1.0
        ],
        "created_at": "2024-03-11T11:23:51Z",
        "gsd": 4.018312246524522,
        "platform": "hotsat-1",
        "processing:software": {
            "image-processing": "1.136.0"
        },
        "view:off_nadir": 15.828012465838185,
        "view:azimuth": 37.62377111867873,
        "view:sun_azimuth": 13.053181235863025,
        "view:sun_elevation": -25.847845320886137,
        "datetime": "2023-07-17T00:06:35Z"
    },
    "geometry": {
        "type": "Polygon",
        "coordinates": [
            [
                [
                    12.522114886281805,
                    41.836775826021075
                ],
                [
                    12.510933713221313,
                    41.87178174580649
                ],
                [
                    12.452513090883036,
                    41.85910056195899
                ],
                [
                    12.463818556861197,
                    41.82413937532453
                ],
                [
                    12.522114886281805,
                    41.836775826021075
                ]
            ]
        ]
    },
    "links": [],
    "assets": {
        "udm": {
            "href": ".20230717T000635000_visual_40_hotsat1_udm.tiff",
            "type": "image/tiff; application=geotiff; profile=cloud-optimized",
            "roles": [
                "udm",
                "metadata"
            ]
        },
        "visual": {
            "href": ".20230717T000635000_visual_40_hotsat1.tiff",
            "type": "image/tiff; application=geotiff; profile=cloud-optimized",
            "raster:bands": [
                {
                    "data_type": "uint16",
                    "scale": 1.0,
                    "offset": 0.0,
                    "sampling": "area",
                    "nodata": 0.0,
                    "statistics": {
                        "mean": 6646.979531595511,
                        "minimum": 405,
                        "maximum": 15352,
                        "stddev": 299.34974017606913,
                        "valid_percent": 68.21842071667763
                    }
                }
            ],
            "roles": [
                "data"
            ]
        },
        "experimental_stackedoverview": {
            "href": ".20230717T000635000_visual_40_hotsat1_stackedoverview.png",
            "type": "image/png",
            "roles": [
                "overview"
            ]
        },
        "thumbnail": {
            "href": ".20230717T000635000_visual_40_hotsat1_thumbnail.png",
            "type": "image/png",
            "roles": [
                "thumbnail"
            ]
        },
        "experimental_stacked": {
            "href": ".20230717T000635000_visual_40_hotsat1_stacked.tiff",
            "type": "image/tiff; application=geotiff; profile=cloud-optimized",
            "raster:bands": [
                {
                    "data_type": "uint16",
                    "scale": 1.0,
                    "offset": 0.0,
                    "sampling": "area",
                    "nodata": 0.0,
                    "statistics": {
                        "mean": 6638.002918140131,
                        "minimum": 1697,
                        "maximum": 8222,
                        "stddev": 235.22617130021226,
                        "valid_percent": 68.22054842500482
                    }
                }
            ],
            "roles": [
                "data"
            ]
        },
        "overview": {
            "href": ".20230717T000635000_visual_40_hotsat1_overview.png",
            "type": "image/png",
            "roles": [
                "overview"
            ]
        }
    },
    "bbox": [
        12.452035736136827,
        41.823901397578766,
        12.52262620039745,
        41.87201394419253
    ],
    "stac_extensions": [
        "https://stac-extensions.github.io/projection/v1.0.0/schema.json",
        "https://stac-extensions.github.io/raster/v1.1.0/schema.json",
        "https://stac-extensions.github.io/view/v1.0.0/schema.json",
        "https://stac-extensions.github.io/eo/v1.0.0/schema.json",
        "https://stac-extensions.github.io/processing/v1.1.0/schema.json"
    ],
    "collection": "visual"
}