{
    "type": "Feature",
    "stac_version": "1.0.0",
    "id": "20230623T000045000_visual_40_hotsat1",
    "properties": {
        "eo:cloud_cover": 0.0,
        "proj:epsg": 32633,
        "proj:geometry": {
            "type": "Polygon",
            "coordinates": [
                [
                    [
                        293891.858470371,
                        4644161.557629852
                    ],
                    [
                        288554.80844835483,
                        4643592.214345744
                    ],
                    [
                        289184.99757961894,
                        4638850.584399474
                    ],
                    [
                        294517.70146969537,
                        4639454.6967391
                    ],
                    [
                        293891.858470371,
                        4644161.557629852
                    ]
                ]
            ]
        },
        "proj:bbox": [
            288552.63538238493,
            4638848.411333504,
            294519.87453566527,
            4644198.49975134
        ],
        "proj:shape": [
            1231,
            1373
        ],
        "proj:transform": [
            4.346131939752601,
            0.0,
            288552.63538238493,
            0.0,
            -4.346131939752601,
            4644198.49975134,
            0.0,
            0.0,
            1.0
        ],
        "created_at": "2024-03-11T11:22:45Z",
        "gsd": 4.346131939752601,
        "platform": "hotsat-1",
        "processing:software": {
            "image-processing": "1.136.0"
        },
        "view:off_nadir": 24.55898637432344,
        "view:azimuth": 347.95323110904496,
        "view:sun_azimuth": 12.181774931136031,
        "view:sun_elevation": -23.749254013393525,
        "datetime": "2023-06-23T00:00:45Z"
    },
    "geometry": {
        "type": "Polygon",
        "coordinates": [
            [
                [
                    12.514399000212347,
                    41.92251838142655
                ],
                [
                    12.450300646396096,
                    41.91598468033619
                ],
                [
                    12.459584900872969,
                    41.87348812784918
                ],
                [
                    12.523577714880552,
                    41.880327302610745
                ],
                [
                    12.514399000212347,
                    41.92251838142655
                ]
            ]
        ]
    },
    "links": [],
    "assets": {
        "thumbnail": {
            "href": ".20230623T000045000_visual_40_hotsat1_thumbnail.png",
            "type": "image/png",
            "roles": [
                "thumbnail"
            ]
        },
        "overview": {
            "href": ".20230623T000045000_visual_40_hotsat1_overview.png",
            "type": "image/png",
            "roles": [
                "overview"
            ]
        },
        "experimental_stackedoverview": {
            "href": ".20230623T000045000_visual_40_hotsat1_stackedoverview.png",
            "type": "image/png",
            "roles": [
                "overview"
            ]
        },
        "experimental_stacked": {
            "href": ".20230623T000045000_visual_40_hotsat1_stacked.tiff",
            "type": "image/tiff; application=geotiff; profile=cloud-optimized",
            "raster:bands": [
                {
                    "data_type": "uint16",
                    "scale": 1.0,
                    "offset": 0.0,
                    "sampling": "area",
                    "nodata": 0.0,
                    "statistics": {
                        "mean": 3561.057839197679,
                        "minimum": 418,
                        "maximum": 8248,
                        "stddev": 188.1613802938627,
                        "valid_percent": 80.48064003294357
                    }
                }
            ],
            "roles": [
                "data"
            ]
        },
        "udm": {
            "href": ".20230623T000045000_visual_40_hotsat1_udm.tiff",
            "type": "image/tiff; application=geotiff; profile=cloud-optimized",
            "roles": [
                "udm",
                "metadata"
            ]
        },
        "visual": {
            "href": ".20230623T000045000_visual_40_hotsat1.tiff",
            "type": "image/tiff; application=geotiff; profile=cloud-optimized",
            "raster:bands": [
                {
                    "data_type": "uint16",
                    "scale": 1.0,
                    "offset": 0.0,
                    "sampling": "area",
                    "nodata": 0.0,
                    "statistics": {
                        "mean": 3555.5546404197585,
                        "minimum": 388,
                        "maximum": 15368,
                        "stddev": 344.3267013068031,
                        "valid_percent": 80.47809589962624
                    }
                }
            ],
            "roles": [
                "data"
            ]
        }
    },
    "bbox": [
        12.450057160084109,
        41.87329981340521,
        12.523814620441273,
        41.92301444782371
    ],
    "stac_extensions": [
        "https://stac-extensions.github.io/projection/v1.0.0/schema.json",
        "https://stac-extensions.github.io/raster/v1.1.0/schema.json",
        "https://stac-extensions.github.io/view/v1.0.0/schema.json",
        "https://stac-extensions.github.io/eo/v1.0.0/schema.json",
        "https://stac-extensions.github.io/processing/v1.1.0/schema.json"
    ],
    "collection": "visual"
}